MT-A,MT-C,MT-B,MT-D
10230.3616564,13338.4760371,19620.1470125,11250.3087013
